{
    "ENV":"RMa",
    "DS":{
        "Mu":[-7.49,-7.43,-7.47],
	    "Sigma":[0.55,0.48,0.24]

    },
    "ASD":{
        "Mu":[0.90,0.95,0.67],
	    "Sigma":[0.38,0.45,0.18]


    },
    "ASA":{
       "Mu":[1.52,1.52,1.66],
	   "Sigma":[0.24,0.13,0.21]

    },
    "ZSA":{
        "Mu":[0.47,0.58,0.93],
	    "Sigma":[0.40,0.37,0.22]

    },
	"SF":[0,0,8],
    "KdB":{
        "Mu":[7,0,0],
	    "Sigma":[4,0,0]

    },
	
	"Crosscorr":{
        
    "SFvsK":[0,0,0],
	"DSvsSF":[-0.5,-0.5,0],
	"ASDvsSF": [0,0.6,0],     
	"ASAvsSF": [0,0,0],    
	"ZSDvsSF": [0.01,-0.04,0],   
	"ZSAvsSF":  [-0.17,-0.25,0],    
	"DSvsK": [0,0,0],       
	"ASDvsK": [0,0,0],       
	"ASAvsK": [0,0,0],      
	"ZSDvsK":   [0,0,0],   
	"ZSAvsK": [-0.02,0,0],       
	"ASDvsDS": [0,-0.4,0],     
	"ASAvsDS": [0,0,0],     
	"ZSDvsDS":  [-0.05,-0.1,0],    
	"ZSAvsDS":  [0.27,-0.4,0],     
	"ASDvsASA": [0,0,-0.7],     
	"ZSDvsASD": [0.73,0.42,0.66],     
	"ZSAvsASD": [-0.14,-0.27,0.47],    
	"ZSDvsASA": [-0.20,-0.18,-0.55],    
	"ZSAvsASA": [0.24,0.26,-0.22],     
	"ZSDvsZSA": [-0.07,-0.27,0] 
    },

	"CorrDist":{
       
    "DS": [50, 36, 36],           
	"ASD": [25,30,30],        
	"ASA": [35, 40, 40],        
	"SF":[37, 120, 120],           
	"K": [40, 0, 0] ,           
	"ZSA": [15, 50, 50] ,        
	"ZSD": [15, 50, 50] 

    },         
	"DelayScalingParameter":[3.8,1.7,1.7],
    "XPR":{
    
    "Mu": [12,7,7],              
	"Sigma":[4,3,3] 
    },
	              
	"TotalClusters":[11,10,10],
	"RaysInCluster": [20,20,20],  
	"CDS":[0,0,0],
	"CASD":[2,2,2],
	"CASA":[3,3,3],
	"CZSA":[3,3,3],
	"Shadowstd":[3,3,3],
    "ZSD":{

	"Mu":[0.156422771,0.208943097,0.208943097],
	"Offset":[0,-0.005307730461741,-0.005307730461741]
    },
	"fname":"RMa_Channel_Env_Parameters"            
}

